Source Entity,Target Entity
,
,No Value
013940784c17823087f6c7b9bdc17327160e116b6e4648996630d49c8e853f08,
013940784c17823087f6c7b9bdc17327160e116b6e4648996630d49c8e853f08,
013940784c17823087f6c7b9bdc17327160e116b6e4648996630d49c8e853f08,108.177.122.97
013940784c17823087f6c7b9bdc17327160e116b6e4648996630d49c8e853f08,13a30c9138fda794e198721d6ce6206f
013940784c17823087f6c7b9bdc17327160e116b6e4648996630d49c8e853f08,157.240.18.19
013940784c17823087f6c7b9bdc17327160e116b6e4648996630d49c8e853f08,157.240.18.35
013940784c17823087f6c7b9bdc17327160e116b6e4648996630d49c8e853f08,172.217.0.142
013940784c17823087f6c7b9bdc17327160e116b6e4648996630d49c8e853f08,192.124.249.41
013940784c17823087f6c7b9bdc17327160e116b6e4648996630d49c8e853f08,205.178.189.131
013940784c17823087f6c7b9bdc17327160e116b6e4648996630d49c8e853f08,64.233.185.94
013940784c17823087f6c7b9bdc17327160e116b6e4648996630d49c8e853f08,64.233.185.99
013940784c17823087f6c7b9bdc17327160e116b6e4648996630d49c8e853f08,74.125.196.101
013940784c17823087f6c7b9bdc17327160e116b6e4648996630d49c8e853f08,74.125.21.155
013940784c17823087f6c7b9bdc17327160e116b6e4648996630d49c8e853f08,74.125.21.156
013940784c17823087f6c7b9bdc17327160e116b6e4648996630d49c8e853f08,95.211.105.27
013940784c17823087f6c7b9bdc17327160e116b6e4648996630d49c8e853f08,b1b4b2df1c5f738ac05bf8df3e3a23b3695594cf
013940784c17823087f6c7b9bdc17327160e116b6e4648996630d49c8e853f08,connect.facebook.net
013940784c17823087f6c7b9bdc17327160e116b6e4648996630d49c8e853f08,fonts.gstatic.com
013940784c17823087f6c7b9bdc17327160e116b6e4648996630d49c8e853f08,googleads.g.doubleclick.net
013940784c17823087f6c7b9bdc17327160e116b6e4648996630d49c8e853f08,http:///
013940784c17823087f6c7b9bdc17327160e116b6e4648996630d49c8e853f08,http:////MEIwQDA%2BMDwwOjAJBgUrDgMCGgUABBQdI2%2BOBkuXH93foRUj4a7lAr4rGwQUOpqFBxBnKLbv9r0FQW4gwZTaD94CAQc%3D
013940784c17823087f6c7b9bdc17327160e116b6e4648996630d49c8e853f08,http://www.thenetcritical.com/
013940784c17823087f6c7b9bdc17327160e116b6e4648996630d49c8e853f08,i.ytimg.com
013940784c17823087f6c7b9bdc17327160e116b6e4648996630d49c8e853f08,ocsp.godaddy.com
013940784c17823087f6c7b9bdc17327160e116b6e4648996630d49c8e853f08,ocsp.pki.goog
013940784c17823087f6c7b9bdc17327160e116b6e4648996630d49c8e853f08,"Only SHA-1 is supported by ""Pwned Passwords"" v7"
013940784c17823087f6c7b9bdc17327160e116b6e4648996630d49c8e853f08,"Only SHA-256 or MD5 is supported by ""FullContact"""
013940784c17823087f6c7b9bdc17327160e116b6e4648996630d49c8e853f08,static.doubleclick.net
013940784c17823087f6c7b9bdc17327160e116b6e4648996630d49c8e853f08,stats.g.doubleclick.net
013940784c17823087f6c7b9bdc17327160e116b6e4648996630d49c8e853f08,www.facebook.com
013940784c17823087f6c7b9bdc17327160e116b6e4648996630d49c8e853f08,www.thenet.group
013940784c17823087f6c7b9bdc17327160e116b6e4648996630d49c8e853f08,www.thenetcritical.com
013940784c17823087f6c7b9bdc17327160e116b6e4648996630d49c8e853f08,www.youtube.com
104.16.41.155,
104.16.41.155,+1 650 319 8930
104.16.41.155,",  (United States)"
104.16.41.155,-1167943198
104.16.41.155,-1864405179
104.16.41.155,-24155741
104.16.41.155,-3603071
104.16.41.155,-405498340
104.16.41.155,-589399249
104.16.41.155,-808908988
104.16.41.155,104.16.0.0-104.31.255.255
104.16.41.155,104.16.32.0-104.16.47.255
104.16.41.155,104.16.41.0-104.16.41.255
104.16.41.155,104.16.41.155
104.16.41.155,1082501437
104.16.41.155,1187568886
104.16.41.155,13335
104.16.41.155,141477257
104.16.41.155,145572868983be4c6e1672aba14be57a4ca0bc8464c9ffb6fdb842951854d2e6
104.16.41.155,1486932293
104.16.41.155,1756113154
104.16.41.155,2053
104.16.41.155,2053
104.16.41.155,2082
104.16.41.155,2082
104.16.41.155,2083
104.16.41.155,2083
104.16.41.155,2086
104.16.41.155,2086
104.16.41.155,2087
104.16.41.155,2087
104.16.41.155,23585669
104.16.41.155,302698129
104.16.41.155,314d3912a83d1d9613cafb4dbbdc23f0cee7b409
104.16.41.155,"37.7621,-122.3971"
104.16.41.155,443
104.16.41.155,443
104.16.41.155,80
104.16.41.155,80
104.16.41.155,8080
104.16.41.155,8080
104.16.41.155,8880
104.16.41.155,8880
104.16.41.155,Abuse velocity: low
104.16.41.155,abuse@cloudflare.com
104.16.41.155,arcadecg.com
104.16.41.155,benign
104.16.41.155,Benign Service Detected
104.16.41.155,Cloudflare
104.16.41.155,Cloudflare
104.16.41.155,Cloudflare CDN
104.16.41.155,CloudFlare Inc.
104.16.41.155,"Cloudflare, Inc"
104.16.41.155,"Cloudflare, Inc."
104.16.41.155,"Cloudflare, Inc."
104.16.41.155,"Cloudflare, Inc."
104.16.41.155,"Dallas, United States"
104.16.41.155,HTTP/1.1 400 Bad...
104.16.41.155,HTTP/1.1 400 Bad...
104.16.41.155,HTTP/1.1 400 Bad...
104.16.41.155,HTTP/1.1 400 Bad...
104.16.41.155,HTTP/1.1 403 For...
104.16.41.155,HTTP/1.1 403 For...
104.16.41.155,HTTP/1.1 403 For...
104.16.41.155,HTTP/1.1 403 For...
104.16.41.155,HTTP/1.1 403 For...
104.16.41.155,ipv4-addr--e12d6a84-9fe2-5b61-8a9e-c2f53c5c5588
104.16.41.155,legacyrecordings.it
104.16.41.155,legacyrecordings.it
104.16.41.155,malumaborrocassette.com
104.16.41.155,mary-mary.com
104.16.41.155,mary-mary.com
104.16.41.155,N/A
104.16.41.155,NetName
104.16.41.155,noc@cloudflare.com
104.16.41.155,OrgName
104.16.41.155,parrandaallstars.com
104.16.41.155,Proxy
104.16.41.155,rir@cloudflare.com
104.16.41.155,San Francisco
104.16.41.155,"San Francisco, United States"
104.16.41.155,"San Francisco, US"
104.16.41.155,toknowall.com
104.16.41.155,toknowall.com
104.16.41.155,United States
104.16.41.155,Unknown
104.16.41.155,US
104.16.41.155,VPN
104.16.41.155,www.arcadecg.com
104.16.41.155,www.legacyrecordings.it
104.16.41.155,www.legacyrecordings.it
104.16.41.155,www.malumaborrocassette.com
104.16.41.155,www.mary-mary.com
104.16.41.155,www.mary-mary.com
104.16.41.155,www.parrandaallstars.com
104.16.41.155,www.toknowall.com
104.16.6.63,
104.16.6.63,+1 650 319 8930
104.16.6.63,",  (United States)"
104.16.6.63,-1666352995
104.16.6.63,-1786429447
104.16.6.63,-499797460
104.16.6.63,-849328100
104.16.6.63,-860099976
104.16.6.63,104.16.0.0-104.16.15.255
104.16.6.63,104.16.0.0-104.31.255.255
104.16.6.63,104.16.6.0-104.16.6.255
104.16.6.63,1089987764
104.16.6.63,13335
104.16.6.63,145572868983be4c6e1672aba14be57a4ca0bc8464c9ffb6fdb842951854d2e6
104.16.6.63,1471629837
104.16.6.63,163238039069503510556493882107959022409
104.16.6.63,1673079465
104.16.6.63,1826305667
104.16.6.63,1949489108
104.16.6.63,2082
104.16.6.63,2082
104.16.6.63,2083
104.16.6.63,2083
104.16.6.63,2086
104.16.6.63,2086
104.16.6.63,2087
104.16.6.63,2087
104.16.6.63,314d3912a83d1d9613cafb4dbbdc23f0cee7b409
104.16.6.63,"37.7621,-122.3971"
104.16.6.63,428546895
104.16.6.63,443
104.16.6.63,443
104.16.6.63,454094611
104.16.6.63,586591365
104.16.6.63,684021384
104.16.6.63,76bbf171c26d5bd683dafc3b36ee43349a8d7272075cabf60e202ca6f30d4f0a
104.16.6.63,80
104.16.6.63,80
104.16.6.63,8080
104.16.6.63,8080
104.16.6.63,8443
104.16.6.63,8443
104.16.6.63,8880
104.16.6.63,8880
104.16.6.63,99a65e20870c20330d14473fc712eb51093cf400
104.16.6.63,a46ad6c400249efbb4f5fc0e8c6e01a1f2256daf
104.16.6.63,abuse@cloudflare.com
104.16.6.63,b9ee85a10fd495d994ed63488ab74a18cb8e6bfa
104.16.6.63,benign
104.16.6.63,Benign Service Detected
104.16.6.63,Cloudflare
104.16.6.63,Cloudflare CDN
104.16.6.63,CloudFlare Inc.
104.16.6.63,"Cloudflare, Inc"
104.16.6.63,"Cloudflare, Inc."
104.16.6.63,"Cloudflare, Inc."
104.16.6.63,"Cloudflare, Inc."
104.16.6.63,ea0c193d8f58f847b6411cd01084de1c3ebd22bd7cf4d261350e29c5006f9acc
104.16.6.63,f6a709f1c0903acf4ed87c6d0e86622830b676b104d9f61194dd03a7341cf7f3
104.16.6.63,HTTP/1.1 400 Bad...
104.16.6.63,HTTP/1.1 403 For...
104.16.6.63,HTTP/1.1 403 For...
104.16.6.63,HTTP/1.1 403 For...
104.16.6.63,HTTP/1.1 403 For...
104.16.6.63,HTTP/1.1 403 For...
104.16.6.63,HTTP/1.1 403 For...
104.16.6.63,HTTP/1.1 403 For...
104.16.6.63,HTTP/1.1 403 For...
104.16.6.63,ipv4-addr--c537ee0b-704a-5bfd-9412-27225c8ae5e0
104.16.6.63,lostways.org
104.16.6.63,N/A
104.16.6.63,NetName
104.16.6.63,noc@cloudflare.com
104.16.6.63,OrgName
104.16.6.63,rir@cloudflare.com
104.16.6.63,San Francisco
104.16.6.63,"San Francisco, United States"
104.16.6.63,"San Francisco, United States"
104.16.6.63,"San Francisco, US"
104.16.6.63,ssl894059.cloudflaressl.com
104.16.6.63,United States
104.16.6.63,Unknown
104.16.6.63,US
104.16.72.120,
104.16.72.120,+1 650 319 8930
104.16.72.120,",  (United States)"
104.16.72.120,-1321359031
104.16.72.120,-1352336930
104.16.72.120,-1491193124
104.16.72.120,-1602026837
104.16.72.120,-858496013
104.16.72.120,0b864da79791264fcc322432b57eeb2d849161a63472f69e0a85fc59186b39a6
104.16.72.120,104.16.0.0-104.31.255.255
104.16.72.120,104.16.64.0-104.16.79.255
104.16.72.120,104.16.72.0-104.16.72.255
104.16.72.120,104.16.72.120
104.16.72.120,1065755728
104.16.72.120,1127010063
104.16.72.120,1186041624
104.16.72.120,1277293027
104.16.72.120,13335
104.16.72.120,1343828657
104.16.72.120,141477257
104.16.72.120,145572868983be4c6e1672aba14be57a4ca0bc8464c9ffb6fdb842951854d2e6
104.16.72.120,1471629837
104.16.72.120,1535414901
104.16.72.120,2016-10-27T12:17:18
104.16.72.120,2016-10-27T12:17:21
104.16.72.120,2053
104.16.72.120,2053
104.16.72.120,2082
104.16.72.120,2082
104.16.72.120,2083
104.16.72.120,2083
104.16.72.120,2086
104.16.72.120,2086
104.16.72.120,2087
104.16.72.120,2087
104.16.72.120,314d3912a83d1d9613cafb4dbbdc23f0cee7b409
104.16.72.120,334183539
104.16.72.120,34770954582170065537175898662799489373
104.16.72.120,"37.7621,-122.3971"
104.16.72.120,443
104.16.72.120,443
104.16.72.120,454394183
104.16.72.120,80
104.16.72.120,80
104.16.72.120,8080
104.16.72.120,8080
104.16.72.120,8443
104.16.72.120,8443
104.16.72.120,849011695
104.16.72.120,8880
104.16.72.120,8880
104.16.72.120,a197439d74ee12443ad888dc59aecbdcf50bcacf
104.16.72.120,a46ad6c400249efbb4f5fc0e8c6e01a1f2256daf
104.16.72.120,Abuse velocity: low
104.16.72.120,abuse@cloudflare.com
104.16.72.120,assets.donaldjtrump.com
104.16.72.120,aws.donaldjtrump.com
104.16.72.120,benign
104.16.72.120,Benign Service Detected
104.16.72.120,Cloudflare
104.16.72.120,Cloudflare
104.16.72.120,Cloudflare CDN
104.16.72.120,CloudFlare Inc.
104.16.72.120,"Cloudflare, Inc"
104.16.72.120,"Cloudflare, Inc."
104.16.72.120,"Cloudflare, Inc."
104.16.72.120,"Cloudflare, Inc."
104.16.72.120,data-access.donaldjtrump.com
104.16.72.120,donaldjtrump.com
104.16.72.120,donate.donaldjtrump.com
104.16.72.120,f6a709f1c0903acf4ed87c6d0e86622830b676b104d9f61194dd03a7341cf7f3
104.16.72.120,HTTP/1.1 400 Bad...
104.16.72.120,HTTP/1.1 403 For...
104.16.72.120,HTTP/1.1 403 For...
104.16.72.120,HTTP/1.1 403 For...
104.16.72.120,HTTP/1.1 403 For...
104.16.72.120,HTTP/1.1 403 For...
104.16.72.120,HTTP/1.1 403 For...
104.16.72.120,HTTP/1.1 403 For...
104.16.72.120,HTTP/1.1 403 For...
104.16.72.120,HTTP/1.1 403 For...
104.16.72.120,mail.mrbuttplug.com
104.16.72.120,mrbuttplug.com
104.16.72.120,mrbuttplug.com
104.16.72.120,N/A
104.16.72.120,NetName
104.16.72.120,noc@cloudflare.com
104.16.72.120,OrgName
104.16.72.120,parscale.donaldjtrump.com
104.16.72.120,Proxy
104.16.72.120,rir@cloudflare.com
104.16.72.120,San Francisco
104.16.72.120,"San Francisco, United States"
104.16.72.120,"San Francisco, United States"
104.16.72.120,"San Francisco, US"
104.16.72.120,secure.donaldjtrump.com
104.16.72.120,shop.donaldjtrump.com
104.16.72.120,ssl1009378.cloudflaressl.com
104.16.72.120,talk.donaldjtrump.com
104.16.72.120,thedatetime.com
104.16.72.120,United States
104.16.72.120,Unknown
104.16.72.120,US
104.16.72.120,VPN
104.16.72.120,www.donaldjtrump.com
104.16.76.120,
104.16.76.120,+1 650 319 8930
104.16.76.120,",  (United States)"
104.16.76.120,-1460345209
104.16.76.120,-2100301640
104.16.76.120,-380258114
104.16.76.120,-867483255
104.16.76.120,104.16.0.0-104.31.255.255
104.16.76.120,104.16.64.0-104.16.79.255
104.16.76.120,104.16.76.0-104.16.76.255
104.16.76.120,112326508309812767018405782370429052182
104.16.76.120,13335
104.16.76.120,145572868983be4c6e1672aba14be57a4ca0bc8464c9ffb6fdb842951854d2e6
104.16.76.120,1458158513
104.16.76.120,1471629837
104.16.76.120,1474854502
104.16.76.120,1584921091
104.16.76.120,1893967680
104.16.76.120,2016-10-27T12:17:18
104.16.76.120,2016-10-27T12:17:21
104.16.76.120,2052
104.16.76.120,2052
104.16.76.120,2082
104.16.76.120,2082
104.16.76.120,2083
104.16.76.120,2083
104.16.76.120,2086
104.16.76.120,2086
104.16.76.120,2087
104.16.76.120,2087
104.16.76.120,314d3912a83d1d9613cafb4dbbdc23f0cee7b409
104.16.76.120,"37.7621,-122.3971"
104.16.76.120,427976633
104.16.76.120,429876336
104.16.76.120,443
104.16.76.120,443
104.16.76.120,634699635
104.16.76.120,738070432
104.16.76.120,80
104.16.76.120,80
104.16.76.120,8443
104.16.76.120,8443
104.16.76.120,8880
104.16.76.120,8880
104.16.76.120,947627315
104.16.76.120,a46ad6c400249efbb4f5fc0e8c6e01a1f2256daf
104.16.76.120,abuse@cloudflare.com
104.16.76.120,assets.donaldjtrump.com
104.16.76.120,aws.donaldjtrump.com
104.16.76.120,benign
104.16.76.120,Benign Service Detected
104.16.76.120,bfc83d4d462e923feda42198e0dab2901a9e0bc66d6a696ce4c1ee579f3cb4dc
104.16.76.120,Cloudflare
104.16.76.120,Cloudflare CDN
104.16.76.120,CloudFlare Inc.
104.16.76.120,"Cloudflare, Inc"
104.16.76.120,"Cloudflare, Inc."
104.16.76.120,"Cloudflare, Inc."
104.16.76.120,"Cloudflare, Inc."
104.16.76.120,donaldjtrump.com
104.16.76.120,donate.donaldjtrump.com
104.16.76.120,f6a709f1c0903acf4ed87c6d0e86622830b676b104d9f61194dd03a7341cf7f3
104.16.76.120,fc614a38cdd8ebc528a9060e155be73a8f7c09c3
104.16.76.120,ffe69f57f8a8dcab87fb778d934cffd4e9c254336f4609c046ac1b91f15ed086
104.16.76.120,HTTP/1.1 403 For...
104.16.76.120,HTTP/1.1 403 For...
104.16.76.120,HTTP/1.1 403 For...
104.16.76.120,HTTP/1.1 403 For...
104.16.76.120,HTTP/1.1 403 For...
104.16.76.120,HTTP/1.1 403 For...
104.16.76.120,HTTP/1.1 403 For...
104.16.76.120,HTTP/1.1 403 For...
104.16.76.120,HTTP/1.1 403 For...
104.16.76.120,N/A
104.16.76.120,NetName
104.16.76.120,noc@cloudflare.com
104.16.76.120,OrgName
104.16.76.120,parscale.donaldjtrump.com
104.16.76.120,rir@cloudflare.com
104.16.76.120,San Francisco
104.16.76.120,"San Francisco, United States"
104.16.76.120,"San Francisco, United States"
104.16.76.120,"San Francisco, US"
104.16.76.120,secure.donaldjtrump.com
104.16.76.120,shop.donaldjtrump.com
104.16.76.120,ssl1009374.cloudflaressl.com
104.16.76.120,talk.donaldjtrump.com
104.16.76.120,thedatetime.com
104.16.76.120,United States
104.16.76.120,Unknown
104.16.76.120,US
104.16.76.120,www.donaldjtrump.com
141.105.65.113,
141.105.65.113,'abuse@hostkey.ru
141.105.65.113,+31 20 535 4444
141.105.65.113,+7 495 369 97 96
141.105.65.113,",  (Russia)"
141.105.65.113,-23674247
141.105.65.113,-499432186
141.105.65.113,141.105.64.0-141.105.71.255
141.105.65.113,141.105.65.0-141.105.65.255
141.105.65.113,1585899053
141.105.65.113,247106a405b288a46e70a0262717162d0903e734
141.105.65.113,314000796341449237971238792564016951804547
141.105.65.113,422726612
141.105.65.113,443
141.105.65.113,443/nginx
141.105.65.113,50867
141.105.65.113,"55.75222,37.61556"
141.105.65.113,56d2514590256d4b5f837cc36b43ae6a6cbbe339
141.105.65.113,5c429eb6e7c190763e04429ddc50f3428ae5fa8930706a217f2212d6de304574
141.105.65.113,80
141.105.65.113,80/nginx
141.105.65.113,8a01a48b0a72ed07fd6fb73ccd7bf297ebcfd73b
141.105.65.113,abuse@hostkey.ru
141.105.65.113,abuse@ripe.net
141.105.65.113,b0ad23ed4218f8b08030c409c4c73ff80e2a3ccb
141.105.65.113,calljulian.com
141.105.65.113,collateralmurder.com
141.105.65.113,collateralmurder.com
141.105.65.113,collateralmurder.org
141.105.65.113,collateralmurder.org
141.105.65.113,e4666aecb47474f2d2feec1fc17597746d27293d
141.105.65.113,e4753df09dc2f4f79feb84d42b73c15f2d3b7ecd8afddeca111590ca79ba722c
141.105.65.113,e6a3b45b062d509b3382282d196efe97d5956ccb
141.105.65.113,file.wikileaks.org
141.105.65.113,HOSTKEY B.V.
141.105.65.113,hostmaster@ripe.net
141.105.65.113,"HTTP/1.1 200 OK
..."
141.105.65.113,HTTP/1.1 302 Mov...
141.105.65.113,icwatch.transparencytoolkit.org
141.105.65.113,icwatch.wikileaks.org
141.105.65.113,ipv4-addr--d395643b-b6d6-5350-9447-bd5be245918d
141.105.65.113,leak-everything.works
141.105.65.113,LLC Server v arendy
141.105.65.113,Mir Telematiki Ltd
141.105.65.113,Moscow
141.105.65.113,"Moscow, RU"
141.105.65.113,"Moscow, Russian Federation"
141.105.65.113,N/A
141.105.65.113,NetType
141.105.65.113,Network Coordination Centre
141.105.65.113,No Noise Detected
141.105.65.113,OrgId
141.105.65.113,our.wikileaks.org
141.105.65.113,Russia
141.105.65.113,RUSSIAN FEDERATION
141.105.65.113,Unknown
141.105.65.113,warlogs.wikileaks.org
141.105.65.113,wikileaks.ch
141.105.65.113,wikileaks.com
141.105.65.113,wikileaks.mobi
141.105.65.113,wikileaks.mobi
141.105.65.113,wikileaks.net
141.105.65.113,wikileaks.org
141.105.65.113,wikileaks.org
141.105.65.113,wikileaks.org
141.105.65.113,wlstorage.net
141.105.65.113,worldtomorrow.wikileaks.org
141.105.65.113,www.wikileaks.ch
141.105.65.113,www.wikileaks.com
151.101.249.209,
151.101.249.209,+1 415 404 9374
151.101.249.209,+1 415 496 9353
151.101.249.209,+1 415 518 9103
151.101.249.209,-1389595745
151.101.249.209,-1611545703
151.101.249.209,-1844005363
151.101.249.209,151.101.0.0
151.101.249.209,151.101.0.0-151.101.255.255
151.101.249.209,151.101.248.0-151.101.251.255
151.101.249.209,151.101.249.0-151.101.249.255
151.101.249.209,151.101.249.209
151.101.249.209,26803271901519556184495999767
151.101.249.209,36efa22f0a9217b1fd95731352a59baaee37c415
151.101.249.209,"38.89511,-77.03637"
151.101.249.209,401392141
151.101.249.209,443
151.101.249.209,443
151.101.249.209,4f682c8ff85ae76d8a3c8249fa92c26e7ccbb762f1afe8e67ea7686f5701c210
151.101.249.209,54113
151.101.249.209,5cc618d73b6f3a966b59a4a7f758ab16288079781a2d97083ab293ebc0d03012
151.101.249.209,80
151.101.249.209,80
151.101.249.209,820e45325c1d3bdddaea0023e8b952603fccaf9d
151.101.249.209,835b2720617a44641c3e5f8323cd1f6f5ea9dcc7
151.101.249.209,9897034dad7862485a8e2467ede838213ee24f47
151.101.249.209,Abuse velocity: low
151.101.249.209,abuse@fastly.com
151.101.249.209,"Ashburn, United States"
151.101.249.209,"Ashburn, Virginia (United States)"
151.101.249.209,benign
151.101.249.209,Benign Service Detected
151.101.249.209,e2.shared.global.fastly.net
151.101.249.209,Fastly
151.101.249.209,Fastly
151.101.249.209,Fastly Network Operations
151.101.249.209,HTTP/1.1 500 Dom...
151.101.249.209,HTTP/1.1 500 Dom...
151.101.249.209,ipv4-addr--8c798ce5-c326-5cad-bff2-1abf4b85dfb3
151.101.249.209,N/A
151.101.249.209,noc@fastly.com
151.101.249.209,OrgAbuseName
151.101.249.209,ourrevolution.com
151.101.249.209,Perimeter Technology Inc.
151.101.249.209,Proxy
151.101.249.209,rir-admin@fastly.com
151.101.249.209,San Francisco
151.101.249.209,United States
151.101.249.209,Unknown
151.101.249.209,US
151.101.249.209,VPN
151.101.249.209,"Washington, United States"
151.101.249.209,"Washington, US"
205.178.189.131,
205.178.189.131,
205.178.189.131,+1 212 610 5643
205.178.189.131,+1 904 680 6600
205.178.189.131,",  (United States)"
205.178.189.131,-1589259733
205.178.189.131,-1706484374
205.178.189.131,013940784c17823087f6c7b9bdc17327160e116b6e4648996630d49c8e853f08
205.178.189.131,0b51704a448dc451eff2d1848eafc6dbafde5a7774eeb84df39427cc5ec76a9c
205.178.189.131,19871
205.178.189.131,205.178.185.0
205.178.189.131,205.178.185.0-205.178.191.255
205.178.189.131,205.178.189.0-205.178.189.255
205.178.189.131,22250eb3803e4ee89e966f642bf59ed4ac7ae13919cb67cd322cc2fac6c02e7f
205.178.189.131,"33.58706,-84.54243"
205.178.189.131,46622239465bcacd6c9e27ac7591eb87213e35eb97828dc6da69022c3911e227
205.178.189.131,4e05f20c37be510b0dc083999d00bbc585b169a81ca279a657ef749eef1f8b91
205.178.189.131,530356866549db6e23eb17879bafc0a34df007cc647aa36a49d1e139cf030f41
205.178.189.131,80
205.178.189.131,80/Sun ONE Web Server
205.178.189.131,be4a473c17e3a3296007e0b2b9b56b9926fc92a343d351cdcf40e8f151a1f6b4
205.178.189.131,c683e3a12ab2e80aa4247a1c8ed6b9c565e0241212bc9730596e69ee54807b57
205.178.189.131,cerbios-pharma.com
205.178.189.131,commercialbk.com
205.178.189.131,coronadocondos.online
205.178.189.131,coronadohardware.site
205.178.189.131,d6aef0fa2097db24acb7ec509cef198877053a32fd5447c92301aa05b879401b
205.178.189.131,edgertoncyclonecafe.com
205.178.189.131,ef1f11a12aa45841c158e8f0568f95f2e1a26284faf31e9ae5540760c1612e83
205.178.189.131,encodeinc.info
205.178.189.131,ethiopianairlines.com
205.178.189.131,f892297ee2ac1132e4a892a8c2c0e894294398c469efa1e800b4390faf12fa00
205.178.189.131,fcohenlaw.com
205.178.189.131,ff4f97f89e8ef0252f16430106105627878801a2026b55cea3cb29a14bc625ef
205.178.189.131,firstcoastfcu.net
205.178.189.131,goh2o.org
205.178.189.131,harvestmeat.com
205.178.189.131,heritagesports.com
205.178.189.131,HTTP/1.1 301 Mov...
205.178.189.131,http://aspencatering.com/wp-includes/css/googledrivedocs/
205.178.189.131,http://patio.com/img/120/
205.178.189.131,http://rja.com/
205.178.189.131,http://stilldreaming.net/
205.178.189.131,http://supplementstogo.com/feeds/webapp/cgi-bins/WebObjects/MyAppleIdwoa/wa/appId-4191.returnURL-DaHR0cDovL3N0b3JlLmFwcGxlLmNvbS91c3wxYW9zZmU4OGZjNWIyNThhYWVhOTM5MzVjZjI2NTk1OGE3MWUwY2Y0MmI2OA26r3DSDHCD9JUYKX777H9KT/index.php
205.178.189.131,http://tdshomeperformance.com/zaq/Dropbox/dropbox/
205.178.189.131,http://transamericawireandcable.co/
205.178.189.131,http://www.rja.com/company-overview/staff
205.178.189.131,http://www.rja.com/company-overview/staff?staffpage=2
205.178.189.131,http://www.rja.com/Index.html
205.178.189.131,http://www.rja.com/wp-content/themes/Executive/staffquery.php?sStaff=yunker&department=0&title=0&resetstaff=Reset
205.178.189.131,http://www.tdshomeperformance.com/zaq/Dropbox/dropbox
205.178.189.131,ipinfo@hilcostreambank.com
205.178.189.131,ipv4-addr--0594ea90-8faf-5399-bd2a-6c0e99dee02d
205.178.189.131,Jacksonville
205.178.189.131,learnh20.com
205.178.189.131,learnh20.net
205.178.189.131,learnh20.org
205.178.189.131,learnh2o.org
205.178.189.131,N/A
205.178.189.131,nationalevangelicalimmigrationsummit.com
205.178.189.131,Network Solutions LLC
205.178.189.131,"Network Solutions, LLC"
205.178.189.131,"Network Solutions, LLC"
205.178.189.131,networksolutions.com
205.178.189.131,No Noise Detected
205.178.189.131,noc@web.com
205.178.189.131,OrgAbuseName
205.178.189.131,OrgTechName
205.178.189.131,paruralwater.net
205.178.189.131,paruralwater.org
205.178.189.131,properseoguidelines.net
205.178.189.131,prwa.net
205.178.189.131,pumpkinpostal.com
205.178.189.131,russellmcdougal.com
205.178.189.131,sifting.net
205.178.189.131,sourcewaterprotection.org
205.178.189.131,sportsbets.de
205.178.189.131,StateProv
205.178.189.131,statesvillechristian.biz
205.178.189.131,tanocapital.com
205.178.189.131,tcfexpress.com
205.178.189.131,thebrooklynbarn.com
205.178.189.131,thenetcritical.com
205.178.189.131,theschuster.com
205.178.189.131,tsismenakis.com
205.178.189.131,"Union City, United States"
205.178.189.131,"Union City, US"
205.178.189.131,United States
205.178.189.131,Unknown
205.178.189.131,US
205.178.189.131,wf.networksolutions.com
205.178.189.131,www.3donovanjorgenson.com
205.178.189.131,www.firstcoastfcu.net
205.178.189.131,www.paypal.com.cgi.bin.webscr.cmd.login.submit.dispatch.5885d80a13c03faee8dcbcd55a50598f04d34b4bf5056.pumpkinpostal.com
205.178.189.131,www.tanocapital.com
205.178.189.131,www.thenetcritical.com
2a2973134489cdab8e64918b99185b00ad3a7e3c,
2a2973134489cdab8e64918b99185b00ad3a7e3c,
2a2973134489cdab8e64918b99185b00ad3a7e3c,184.30.252.181
2a2973134489cdab8e64918b99185b00ad3a7e3c,198.1.29.146
2a2973134489cdab8e64918b99185b00ad3a7e3c,205.178.189.131
2a2973134489cdab8e64918b99185b00ad3a7e3c,530356866549db6e23eb17879bafc0a34df007cc647aa36a49d1e139cf030f41
2a2973134489cdab8e64918b99185b00ad3a7e3c,8f517f443cf9c42defee355c3a4c8596
2a2973134489cdab8e64918b99185b00ad3a7e3c,http:///
2a2973134489cdab8e64918b99185b00ad3a7e3c,http:///TruStoneFinancial
2a2973134489cdab8e64918b99185b00ad3a7e3c,http://mytruhr.com/
2a2973134489cdab8e64918b99185b00ad3a7e3c,mytruhr.com
2a2973134489cdab8e64918b99185b00ad3a7e3c,"Only SHA-1 is supported by ""Pwned Passwords"" v7"
2a2973134489cdab8e64918b99185b00ad3a7e3c,"Only SHA-256 or MD5 is supported by ""FullContact"""
2a2973134489cdab8e64918b99185b00ad3a7e3c,selfservice.ascentis.com
31.31.205.163,
31.31.205.163,'abuse@reg.ru
31.31.205.163,+31 20 535 4444
31.31.205.163,+7 495 491 55 53
31.31.205.163,+7 495 580 11 11
31.31.205.163,",  (Russia)"
31.31.205.163,11904016250dedb40c1c6f5e5f4cbea47c0a833318905dfe1470d68a000d70a5
31.31.205.163,13ac0f30822bc63654d80eed853ef1ebffb9d908f5c16f730a8a17edab59b7e7
31.31.205.163,297096319306f04045ee2aeb357328a1f50154ac1bdc9ae4a54d90c1a3cbb00e
31.31.205.163,2ebd2a9b2246003d37aa0e95ae8faa9a4dc751bd0c31fdfc49ce9081dd2f6666
31.31.205.163,31.0.0.0-31.255.255.255
31.31.205.163,31.31.205.0-31.31.205.255
31.31.205.163,3e6ec818eeb146b4e0dd36d8caecbf19fd4d86d4d037dee0f2504f43f40e88ac
31.31.205.163,6f3ad9d94be0118d6381c682047ea118f8b427c4d5593d17f874c7f19abaa8c0
31.31.205.163,a85d74affba2e1d235f686b5bce36bb9d745a36139797d083e0138f6fd787bff
31.31.205.163,ab1aad76a99f2083a5e8b0164a85d696f1e8bd818270d5cacb7ae002725e4513
31.31.205.163,abuse@reg.ru
31.31.205.163,abuse@ripe.net
31.31.205.163,almostall.ru
31.31.205.163,bibi24.ru
31.31.205.163,bof.ru
31.31.205.163,byethost7.com
31.31.205.163,c0fa113adc7815c1a455081a6affc7f923387844ef89bd720b4740d07e4c2f87
31.31.205.163,ccity.ru
31.31.205.163,ce40fe2646c53d7670e21973af00f0826a8e4d66b7256c27285ac42404040b7d
31.31.205.163,chns.ru
31.31.205.163,com9182.com
31.31.205.163,discriminate.blockey.ru
31.31.205.163,"DomainnamesregistrarREG.RU,Ltd"
31.31.205.163,domatut.ru
31.31.205.163,e048430b2e291cbf600055076dbc20b36ff30ec4f4201a4573199d4cd950f944
31.31.205.163,e4e0f082c91e52bff9eb585fb846c36dbf2b3d69fa53388055350a6e720b8cee
31.31.205.163,elektrorynok.ru
31.31.205.163,etechlist.com
31.31.205.163,fitt.prince.kz
31.31.205.163,ghadirit.com
31.31.205.163,goal-online.ru
31.31.205.163,halitova.ru
31.31.205.163,happyteam.ru
31.31.205.163,hostmaster@ripe.net
31.31.205.163,http://cryptodengi.ru/
31.31.205.163,http://megakuhnya.ru/
31.31.205.163,https://goodpool.ru/
31.31.205.163,https://storage.googleapis.com/ipinfo_maltego/icon_hostio.png
31.31.205.163,https://virusik.ru/
31.31.205.163,ipv4-addr--76869d24-2d4e-5b7d-966b-d68e085fba4c
31.31.205.163,jcbi.ru
31.31.205.163,"Moscow, RU"
31.31.205.163,N/A
31.31.205.163,Network Coordination Centre
31.31.205.163,nikolaevsky.ru
31.31.205.163,No Noise Detected
31.31.205.163,noc@reg.ru
31.31.205.163,ns1.domainparking.int.reg.ru
31.31.205.163,ogo-park.ru
31.31.205.163,OrgId
31.31.205.163,prosto-santehnika.ru
31.31.205.163,rakoff.ru
31.31.205.163,riabokobylko.ru
31.31.205.163,Russia
31.31.205.163,secureservers.ru
31.31.205.163,sskinsjar.pro
31.31.205.163,ssvk.ru
31.31.205.163,support@reg.ru
31.31.205.163,topxxx.ru
31.31.205.163,Unknown
31.31.205.163,virusik.ru
31.31.205.163,vuku.ru
31.31.205.163,асконд.рф
530356866549db6e23eb17879bafc0a34df007cc647aa36a49d1e139cf030f41,
530356866549db6e23eb17879bafc0a34df007cc647aa36a49d1e139cf030f41,
530356866549db6e23eb17879bafc0a34df007cc647aa36a49d1e139cf030f41,184.30.252.181
530356866549db6e23eb17879bafc0a34df007cc647aa36a49d1e139cf030f41,198.1.29.146
530356866549db6e23eb17879bafc0a34df007cc647aa36a49d1e139cf030f41,205.178.189.131
530356866549db6e23eb17879bafc0a34df007cc647aa36a49d1e139cf030f41,2a2973134489cdab8e64918b99185b00ad3a7e3c
530356866549db6e23eb17879bafc0a34df007cc647aa36a49d1e139cf030f41,8f517f443cf9c42defee355c3a4c8596
530356866549db6e23eb17879bafc0a34df007cc647aa36a49d1e139cf030f41,http:///
530356866549db6e23eb17879bafc0a34df007cc647aa36a49d1e139cf030f41,http:///TruStoneFinancial
530356866549db6e23eb17879bafc0a34df007cc647aa36a49d1e139cf030f41,http://mytruhr.com/
530356866549db6e23eb17879bafc0a34df007cc647aa36a49d1e139cf030f41,mytruhr.com
530356866549db6e23eb17879bafc0a34df007cc647aa36a49d1e139cf030f41,"Only SHA-1 is supported by ""Pwned Passwords"" v7"
530356866549db6e23eb17879bafc0a34df007cc647aa36a49d1e139cf030f41,"Only SHA-256 or MD5 is supported by ""FullContact"""
530356866549db6e23eb17879bafc0a34df007cc647aa36a49d1e139cf030f41,selfservice.ascentis.com
54.192.197.15,
54.192.197.15,",  (United States)"
54.192.197.15,0
54.192.197.15,0.0.0.0-255.255.255.255
54.192.197.15,002137f867cd5c9e29a4cee1dc98d5c62eac2548
54.192.197.15,121hub.com
54.192.197.15,131fb0e4a6fed6f4c11418ce3d13c6beab62d3da
54.192.197.15,532be6b8ad911248901633f214988b2cc9d38edb
54.192.197.15,54.144.0.0
54.192.197.15,54.144.0.0-54.221.255.255
54.192.197.15,54.192.0.0
54.192.197.15,54.192.197.0-54.192.197.255
54.192.197.15,54.192.197.15
54.192.197.15,54.192.255.255
54.192.197.15,54.221.255.255
54.192.197.15,5824cf32c3cc2a47443db10a33bbe3ac8de524e1
54.192.197.15,632cce5356af0952b1b312a7ed05e9a85360d8ad
54.192.197.15,64f3517e85a7664a1ff63a12d77c38b141ae1a7c
54.192.197.15,87181791e8a617b36f85bc35a3657a7b373a65f5
54.192.197.15,9e99a48a9960b14926bb7f3b02e22da2b0ab7280
54.192.197.15,a1.cdnprk.com
54.192.197.15,Abuse velocity: low
54.192.197.15,Amazon Cloudfront
54.192.197.15,Amazon Technologies Inc
54.192.197.15,Amazon.com Inc.
54.192.197.15,b751ce61e745964c0d54afd986c1925f62b416e4
54.192.197.15,baeck.at
54.192.197.15,benign
54.192.197.15,Benign Service Detected
54.192.197.15,ca70e514388de4879ed9df3403067e4b2f10369b
54.192.197.15,d16duk6ee7m3ay.cloudfront.net
54.192.197.15,d18z4ds2kfrc9v.cloudfront.net
54.192.197.15,d1vk1k4d9z95un.cloudfront.net
54.192.197.15,d28648ed6191faa6704a3133779e98e706327a0c
54.192.197.15,d29semaei3naip.cloudfront.net
54.192.197.15,d2m63cv7jd1x0e.cloudfront.net
54.192.197.15,d2p4ucb5chzcwl.cloudfront.net
54.192.197.15,d2v1n12yk6viav.cloudfront.net
54.192.197.15,d33ev9rznfnv1s.cloudfront.net
54.192.197.15,d8160f2a8253614c14e3715eabf3559d42979612
54.192.197.15,dius.com.au
54.192.197.15,dmuywy5wvoxpe.cloudfront.net
54.192.197.15,dolly.com.au
54.192.197.15,duntaz713qezt.cloudfront.net
54.192.197.15,iipesa.com.ar
54.192.197.15,images.dokteronline.com
54.192.197.15,ipv4-addr--6776d85b-a722-5cac-9548-b820e6fd3e43
54.192.197.15,"London, United Kingdom"
54.192.197.15,N/A
54.192.197.15,"Palermo, IT"
54.192.197.15,photos.ibikeride.com
54.192.197.15,Proxy
54.192.197.15,server-54-192-197-15.lhr50.r.cloudfront.net
54.192.197.15,server-54-192-197-15.pmo50.r.cloudfront.net
54.192.197.15,steammarines.com
54.192.197.15,stks.be
54.192.197.15,terroir.com.au
54.192.197.15,theship.ai
54.192.197.15,thisisawar.com
54.192.197.15,toksta.com
54.192.197.15,United States
54.192.197.15,Unknown
54.192.197.15,VPN
54.192.197.15,wildcard-in-use.gmcsnow.com
54.192.197.15,www.aww.com.au
54.192.197.15,www.cameracorp.com.au
54.192.197.15,www.dolly.com.au
54.192.197.15,www.drkathrynduplantis.com
54.192.197.15,www.foodtolove.com.au
54.192.197.15,www.ircnet.com
54.192.197.15,www.lakenacimientohouserentals.com
54.192.197.15,www.terroir.com.au
54.192.197.15,www.toksta.com
54.192.197.15,zignal.com.au
54.192.197.151,
54.192.197.151,",  (United States)"
54.192.197.151,0.0.0.0-255.255.255.255
54.192.197.151,144afc704c2757dce47fc4114f62ffec82ab2e5cea2144beb8a8e2754e442215
54.192.197.151,20e8a59fa9252c9e89361b65fd7b67bcfd346a59e074759523b2727caf3d0409
54.192.197.151,247106a405b288a46e70a0262717162d0903e734
54.192.197.151,40a07d049217341deccca0723d695eeada5a07a8
54.192.197.151,54.144.0.0
54.192.197.151,54.144.0.0-54.221.255.255
54.192.197.151,54.192.0.0
54.192.197.151,54.192.197.0-54.192.197.255
54.192.197.151,54.192.255.255
54.192.197.151,54.221.255.255
54.192.197.151,58ef3091b0cf54cb39b5bc4073e2a3c6512a1b9a
54.192.197.151,742beb7fd30bdd12a846bd7f96b0f6dcb1ed0bf1
54.192.197.151,a8985d3a65e5e5c4b2d7d66d40c6dd2fb19c5436
54.192.197.151,a90fcbbda7486a57081674ded5338c642.profile.lhr50.cloudfront.net
54.192.197.151,ae0856a8272fcf8995de87395d551498a.profile.lhr50.cloudfront.net
54.192.197.151,ae536540ec2210a2cfe22d0390d41a867.profile.lhr50.cloudfront.net
54.192.197.151,Amazon Cloudfront
54.192.197.151,Amazon Technologies Inc
54.192.197.151,Amazon.com Inc.
54.192.197.151,b35a76e79dd15d5067d427b7c674aa6a849c8b13
54.192.197.151,bd1473098d506659f80fe3d35e9c74d8cb11be8c
54.192.197.151,benign
54.192.197.151,Benign Service Detected
54.192.197.151,bluebillywig.se
54.192.197.151,ca70e514388de4879ed9df3403067e4b2f10369b
54.192.197.151,caa3ede231f3034bc2e3d802f86103b67f025e8b
54.192.197.151,contentz.mkt3419.com
54.192.197.151,d1g9wlrqqk2eca.cloudfront.net
54.192.197.151,d1yewois4dvw1c.cloudfront.net
54.192.197.151,d2p8i0urffdx81.cloudfront.net
54.192.197.151,d2qd0nofsl7bxc.cloudfront.net
54.192.197.151,d31251q62qqlsb.cloudfront.net
54.192.197.151,d89e0zolbh0t5.cloudfront.net
54.192.197.151,d8mw6ilz1rqfg.cloudfront.net
54.192.197.151,d9olqkdclj0zm.cloudfront.net
54.192.197.151,dh106q6sc60dh.cloudfront.net
54.192.197.151,downloads.mailchimp.com
54.192.197.151,dp792b98nnqlf.cloudfront.net
54.192.197.151,e2e6043298c5178bc611588cfef064799c9a620d
54.192.197.151,f21c12f46cdb6b2e16f09f9419cdff328437b2d7
54.192.197.151,findphone.cmcm.com
54.192.197.151,ipv4-addr--d1b03b66-32da-5c2e-b7e3-26d84f6e6d0d
54.192.197.151,js.intercomcdn.com
54.192.197.151,N/A
54.192.197.151,"Palermo, IT"
54.192.197.151,raesdillonchapinflorist.com
54.192.197.151,server-54-192-197-151.pmo50.r.cloudfront.net
54.192.197.151,shinsei-dining-awa-bar-kobune.com
54.192.197.151,static.mopub.com
54.192.197.151,steammarines.com
54.192.197.151,United States
54.192.197.151,Unknown
54.192.197.151,www.lifehacker.jp
54.192.197.151,www.stcharlesmocollector.com
54.192.197.85,
54.192.197.85,",  (United States)"
54.192.197.85,0.0.0.0-255.255.255.255
54.192.197.85,131fb0e4a6fed6f4c11418ce3d13c6beab62d3da
54.192.197.85,18031c4f71252b5c5b51790b3d8d261a7e91df9c
54.192.197.85,306e3ce62a316a8b940f8d22ff00a3cab10ce750
54.192.197.85,34876dc4503f367ad908ee370c07a4cb0559ff56
54.192.197.85,54.144.0.0
54.192.197.85,54.192.0.0
54.192.197.85,54.192.0.0-54.192.255.255
54.192.197.85,54.192.197.0-54.192.197.255
54.192.197.85,54.192.255.255
54.192.197.85,54.221.255.255
54.192.197.85,55bbb558d7fccde742256422277fb09872e6a256
54.192.197.85,7b7463939375c87c6655e38815d7ce02d93b36d8
54.192.197.85,8bedb1834761ac6d32b36cc76b910915f0ec84a0
54.192.197.85,9ce92f5eadc0110e3e2a6a3f36f722d2f8fabf71
54.192.197.85,a8985d3a65e5e5c4b2d7d66d40c6dd2fb19c5436
54.192.197.85,Amazon Cloudfront
54.192.197.85,Amazon Technologies Inc
54.192.197.85,Amazon.com Inc.
54.192.197.85,assets3.youbeauty.com
54.192.197.85,assets6.youbeauty.com
54.192.197.85,benign
54.192.197.85,Benign Service Detected
54.192.197.85,boudja.com
54.192.197.85,carpics.1800carshow.com
54.192.197.85,cc136695639065fab47074d28c55314c66077e90
54.192.197.85,contentm.mkt3356.com
54.192.197.85,d1dmkrgtfeheb0.cloudfront.net
54.192.197.85,d2aqa87epgjm9k.cloudfront.net
54.192.197.85,d2k03kvdk5cku0.cloudfront.net
54.192.197.85,d2r8kjtk39vddw.cloudfront.net
54.192.197.85,d3uqxcwxlooirp.cloudfront.net
54.192.197.85,download.softorbits.com
54.192.197.85,dtkuhjcrxe9fp.cloudfront.net
54.192.197.85,e27c7103ade2d6f3407e05ad0528ee89c3636e85
54.192.197.85,f09f881f24c4e3feb3c8a13dc752129597a2a7d6
54.192.197.85,images.sunosunao.com
54.192.197.85,imageserver.uniregistry.com
54.192.197.85,img.jagbani.tv
54.192.197.85,ipv4-addr--d8cb09be-27a4-5382-8eef-51f9878bd2d9
54.192.197.85,isstrnksstillonfacebook.com
54.192.197.85,klinge77griffith.carbonmade.com
54.192.197.85,lehaofa222.com
54.192.197.85,N/A
54.192.197.85,newyorkcriminallawyerblog.com
54.192.197.85,"Palermo, IT"
54.192.197.85,rules.quantcount.com
54.192.197.85,server-54-192-197-85.pmo50.r.cloudfront.net
54.192.197.85,turtlerecallmusic.com
54.192.197.85,ultimaker.tryinvision.com
54.192.197.85,United States
54.192.197.85,Unknown
54.192.197.85,www.edcweek.com
54.192.197.85,www.marshall-il.com
54.72.130.67,
54.72.130.67,
54.72.130.67,-863598254
54.72.130.67,1033a542fe059242d1fca2f55ed379588d0534045276a2585215b63b6c39ff3f
54.72.130.67,14de591faf3f7708f9f08f2c89ea6d1ca0ca16918488d1ac7c096d5e8a03e868
54.72.130.67,16509
54.72.130.67,1799517149
54.72.130.67,1cd7e4bfa1db74b94907b235b3796f0cf253f4d6e90b41de1742b63e3c1c3d6b
54.72.130.67,4caa1fb084c2d2d63d64e63e6b296c3ce3b538e3eeda6c608f6f514c0edd2b64
54.72.130.67,52add96c32c19269a20ac4b64f15e66fba7d286737dfed5990dd2e61a0c4aba9
54.72.130.67,53
54.72.130.67,53
54.72.130.67,53
54.72.130.67,"53.33306,-6.24889"
54.72.130.67,54.64.0.0
54.72.130.67,54.64.0.0-54.95.255.255
54.72.130.67,54.72.0.0
54.72.130.67,54.72.0.0-54.72.255.255
54.72.130.67,54.72.130.0-54.72.130.255
54.72.130.67,54.73.255.255
54.72.130.67,54.95.255.255
54.72.130.67,5th-insight.com
54.72.130.67,707867868
54.72.130.67,80
54.72.130.67,80/nginx
54.72.130.67,965887579faf1220bda9014696a4cc707081094145213eb7e7e1a208f4a3e7b5
54.72.130.67,9da8ad8b527b20e53aa3e12424c7e2b298190c26ac3a07a770d3290a5e14d757
54.72.130.67,a8ed086f7b78aaa8075f4119c5c390b0fbb35f4a238e92b995096c5b93b324a1
54.72.130.67,Abuse velocity: high
54.72.130.67,Active VPN
54.72.130.67,Amazon Technologies Inc
54.72.130.67,Amazon.com
54.72.130.67,Amazon.com Inc.
54.72.130.67,"Amazon.com, Inc."
54.72.130.67,"Amazon.com, Inc."
54.72.130.67,ampisanmigueldeallende.com
54.72.130.67,b0f978a63a7abe123b61152c0a03587ad2450cc4f29d1326c7a50c406cc4acd9
54.72.130.67,b100be4a85465003b1a57831b93d8b577cfa422e32512494ef12f02d4bb29fe7
54.72.130.67,bia-gaming.com
54.72.130.67,Bot Status
54.72.130.67,building-energy.biz
54.72.130.67,c453d006c7c5ae8e948c1896ed834f064ae1e0529390b0a5f9c27aeaa0ffcada
54.72.130.67,china-wdw.com
54.72.130.67,cloud
54.72.130.67,commerbanking.com
54.72.130.67,dashpluse.online
54.72.130.67,"Dublin, IE"
54.72.130.67,"Dublin, Ireland"
54.72.130.67,"Dublin, Ireland"
54.72.130.67,"Dublin, Leinster (Ireland)"
54.72.130.67,ec37826feeb88c39fbad87fcdbb1920ad071421bb98388a1e972bc63b06aa1db
54.72.130.67,ecpbg.biz
54.72.130.67,gazilogo.com
54.72.130.67,healmarkt.com
54.72.130.67,"HTTP/1.1 200 OK
..."
54.72.130.67,http://chitected.com/api/startuploader/5bea42286ac611e48e8e000c29b08373/2.0.0.248
54.72.130.67,http://shar-m.com/fetch/get+your+free+twitter%2Fms02otgwmdetmtm5mje4odk3os1mnzjhzja2nwvlmtczzjfhzjeznzvlodlkmmy5ytewma%2F
54.72.130.67,http://shar-m.com/fetch/ms0ymdawmc0xmzg1ntgwntgwlwu2m2vjodjjmjyxm2jhnjhiztvln2m2zjc0mzdmzmyz/
54.72.130.67,http://www.chitected.com/api/startuploader/124ecf1e5f7b11e4be52000c29b08373/803500101/2.0.0.248
54.72.130.67,http://www.chitected.com/api/startuploader/140633c0646011e4acf3080027b648e7/2.0.0.248
54.72.130.67,http://www.chitected.com/api/startuploader/1903734064c911e4acf30800272032ed/95500001/2.0.0.248
54.72.130.67,http://www.chitected.com/api/startuploader/28024df0654011e4acf3080027a8d74d/803500101/2.0.0.248
54.72.130.67,http://www.chitected.com/api/startuploader/32f092b0654d11e4acf3080027f9812c/2.0.0.248
54.72.130.67,http://www.chitected.com/api/startuploader/348faa20647811e4acf3080027017771/2.0.0.248
54.72.130.67,http://www.chitected.com/api/startuploader/433422d0647411e4acf308002729f503/662600010/2.0.0.248
54.72.130.67,http://www.chitected.com/api/startuploader/62bcc5486a9b11e4b34a000c29b08373/2.0.0.248
54.72.130.67,http://www.chitected.com/api/startuploader/6aa50e286aa011e4b34a000c29b08373/13600001/2.0.0.248
54.72.130.67,ibspark.com
54.72.130.67,ipv4-addr--14bcbf6a-a3cc-516f-9b31-a25c2c35431b
54.72.130.67,Ireland
54.72.130.67,leecero.xyz
54.72.130.67,linkright.info
54.72.130.67,mail.ampisanmigueldeallende.com
54.72.130.67,mail.mamboaddons.com
54.72.130.67,masharable.com
54.72.130.67,modus66.com
54.72.130.67,mylimit.biz
54.72.130.67,N/A
54.72.130.67,Noise Detected
54.72.130.67,ns1.ibspark.com
54.72.130.67,oldor.com
54.72.130.67,onlinecareers.biz
54.72.130.67,onlineprepaids.com
54.72.130.67,pecado.org
54.72.130.67,pornhdclub.com
54.72.130.67,Proxy
54.72.130.67,Recent Abuse
54.72.130.67,redlandsbodyworks.com
54.72.130.67,thelma-hale.techvelux.com
54.72.130.67,ukbusiness.biz
54.72.130.67,Unknown
54.72.130.67,unknown
54.72.130.67,v2.malaymov.com
54.72.130.67,v=spf1 -all
54.72.130.67,vagonov.net
54.72.130.67,VPN
54.72.130.67,wildcard-in-use.aaicha.com
54.72.130.67,www.cnnewspapers.com
71b3c1605fcc8a628533b078d23ba720268dc806,
71b3c1605fcc8a628533b078d23ba720268dc806,
71b3c1605fcc8a628533b078d23ba720268dc806,104.16.76.120
71b3c1605fcc8a628533b078d23ba720268dc806,bfc83d4d462e923feda42198e0dab2901a9e0bc66d6a696ce4c1ee579f3cb4dc
71b3c1605fcc8a628533b078d23ba720268dc806,ea601c0b4e36c128f9459c212a9e649f
71b3c1605fcc8a628533b078d23ba720268dc806,http:///
71b3c1605fcc8a628533b078d23ba720268dc806,http:///cdn-cgi/scripts/cf.common.js
71b3c1605fcc8a628533b078d23ba720268dc806,http:///cdn-cgi/styles/cf.errors.css
71b3c1605fcc8a628533b078d23ba720268dc806,http://104.16.76.120/
71b3c1605fcc8a628533b078d23ba720268dc806,"Only SHA-1 is supported by ""Pwned Passwords"" v7"
71b3c1605fcc8a628533b078d23ba720268dc806,"Only SHA-256 or MD5 is supported by ""FullContact"""
97c96fc0aac632f48521f18be75c4b652bf3365d8f02d08a80946fc41900e79f,
97c96fc0aac632f48521f18be75c4b652bf3365d8f02d08a80946fc41900e79f,
97c96fc0aac632f48521f18be75c4b652bf3365d8f02d08a80946fc41900e79f,!BrowserEmulation!SharedMemory!Mutex
97c96fc0aac632f48521f18be75c4b652bf3365d8f02d08a80946fc41900e79f,104.16.40.155
97c96fc0aac632f48521f18be75c4b652bf3365d8f02d08a80946fc41900e79f,35936082e65ab2dfd1f0b2b4091c8166
97c96fc0aac632f48521f18be75c4b652bf3365d8f02d08a80946fc41900e79f,900ec35b12541e33295c5f9e3cdfae4771fbd635
97c96fc0aac632f48521f18be75c4b652bf3365d8f02d08a80946fc41900e79f,ConnHashTable<3364>_HashTable_Mutex
97c96fc0aac632f48521f18be75c4b652bf3365d8f02d08a80946fc41900e79f,Feeds Store Mutex S-1-5-21-4162757579-3804539371-4239455898-1000
97c96fc0aac632f48521f18be75c4b652bf3365d8f02d08a80946fc41900e79f,http:///
97c96fc0aac632f48521f18be75c4b652bf3365d8f02d08a80946fc41900e79f,http:///favicon.ico
97c96fc0aac632f48521f18be75c4b652bf3365d8f02d08a80946fc41900e79f,http://toknowall.com/
97c96fc0aac632f48521f18be75c4b652bf3365d8f02d08a80946fc41900e79f,"Only SHA-1 is supported by ""Pwned Passwords"" v7"
97c96fc0aac632f48521f18be75c4b652bf3365d8f02d08a80946fc41900e79f,"Only SHA-256 or MD5 is supported by ""FullContact"""
97c96fc0aac632f48521f18be75c4b652bf3365d8f02d08a80946fc41900e79f,RasPbFile
97c96fc0aac632f48521f18be75c4b652bf3365d8f02d08a80946fc41900e79f,RSS Eventing Connection Database Mutex 00000d24
97c96fc0aac632f48521f18be75c4b652bf3365d8f02d08a80946fc41900e79f,toknowall.com
97c96fc0aac632f48521f18be75c4b652bf3365d8f02d08a80946fc41900e79f,WininetConnectionMutex
97c96fc0aac632f48521f18be75c4b652bf3365d8f02d08a80946fc41900e79f,WininetProxyRegistryMutex
97c96fc0aac632f48521f18be75c4b652bf3365d8f02d08a80946fc41900e79f,ZoneAttributeCacheCounterMutex
97c96fc0aac632f48521f18be75c4b652bf3365d8f02d08a80946fc41900e79f,ZonesCacheCounterMutex
97c96fc0aac632f48521f18be75c4b652bf3365d8f02d08a80946fc41900e79f,ZonesCounterMutex
97c96fc0aac632f48521f18be75c4b652bf3365d8f02d08a80946fc41900e79f,ZonesLockedCacheCounterMutex
97d23c2513e4b1505d08116b3f063bcdc974fc034a3b5c0cdbefb10d6f17f48c,
97d23c2513e4b1505d08116b3f063bcdc974fc034a3b5c0cdbefb10d6f17f48c,
97d23c2513e4b1505d08116b3f063bcdc974fc034a3b5c0cdbefb10d6f17f48c,104.16.37.155
97d23c2513e4b1505d08116b3f063bcdc974fc034a3b5c0cdbefb10d6f17f48c,17bc07080c25b2b2c35641759d72005f7dd5823b
97d23c2513e4b1505d08116b3f063bcdc974fc034a3b5c0cdbefb10d6f17f48c,c29d1ea4a6c6283921726ca484f6fcf3
97d23c2513e4b1505d08116b3f063bcdc974fc034a3b5c0cdbefb10d6f17f48c,http:///favicon.ico
97d23c2513e4b1505d08116b3f063bcdc974fc034a3b5c0cdbefb10d6f17f48c,http:///manage/content/update.php
97d23c2513e4b1505d08116b3f063bcdc974fc034a3b5c0cdbefb10d6f17f48c,http://toknowall.com/manage/content/update.php
97d23c2513e4b1505d08116b3f063bcdc974fc034a3b5c0cdbefb10d6f17f48c,"Only SHA-1 is supported by ""Pwned Passwords"" v7"
97d23c2513e4b1505d08116b3f063bcdc974fc034a3b5c0cdbefb10d6f17f48c,"Only SHA-256 or MD5 is supported by ""FullContact"""
97d23c2513e4b1505d08116b3f063bcdc974fc034a3b5c0cdbefb10d6f17f48c,toknowall.com
a8ed086f7b78aaa8075f4119c5c390b0fbb35f4a238e92b995096c5b93b324a1,
a8ed086f7b78aaa8075f4119c5c390b0fbb35f4a238e92b995096c5b93b324a1,
a8ed086f7b78aaa8075f4119c5c390b0fbb35f4a238e92b995096c5b93b324a1,13.249.139.71
a8ed086f7b78aaa8075f4119c5c390b0fbb35f4a238e92b995096c5b93b324a1,172.217.0.10
a8ed086f7b78aaa8075f4119c5c390b0fbb35f4a238e92b995096c5b93b324a1,172.217.0.3
a8ed086f7b78aaa8075f4119c5c390b0fbb35f4a238e92b995096c5b93b324a1,172.217.1.35
a8ed086f7b78aaa8075f4119c5c390b0fbb35f4a238e92b995096c5b93b324a1,172.217.4.33
a8ed086f7b78aaa8075f4119c5c390b0fbb35f4a238e92b995096c5b93b324a1,172.217.4.74
a8ed086f7b78aaa8075f4119c5c390b0fbb35f4a238e92b995096c5b93b324a1,172.217.4.78
a8ed086f7b78aaa8075f4119c5c390b0fbb35f4a238e92b995096c5b93b324a1,172.217.9.35
a8ed086f7b78aaa8075f4119c5c390b0fbb35f4a238e92b995096c5b93b324a1,185.53.178.30
a8ed086f7b78aaa8075f4119c5c390b0fbb35f4a238e92b995096c5b93b324a1,49cf488cd6a991fd429e8119f04008b7
a8ed086f7b78aaa8075f4119c5c390b0fbb35f4a238e92b995096c5b93b324a1,54.72.130.67
a8ed086f7b78aaa8075f4119c5c390b0fbb35f4a238e92b995096c5b93b324a1,afs.googleusercontent.com
a8ed086f7b78aaa8075f4119c5c390b0fbb35f4a238e92b995096c5b93b324a1,ajax.googleapis.com
a8ed086f7b78aaa8075f4119c5c390b0fbb35f4a238e92b995096c5b93b324a1,b4d3a055211d31cbc29ef6c3ca49973e785d38c4
a8ed086f7b78aaa8075f4119c5c390b0fbb35f4a238e92b995096c5b93b324a1,c.parkingcrew.net
a8ed086f7b78aaa8075f4119c5c390b0fbb35f4a238e92b995096c5b93b324a1,d1lxhc4jvstzrp.cloudfront.net
a8ed086f7b78aaa8075f4119c5c390b0fbb35f4a238e92b995096c5b93b324a1,fonts.googleapis.com
a8ed086f7b78aaa8075f4119c5c390b0fbb35f4a238e92b995096c5b93b324a1,fonts.gstatic.com
a8ed086f7b78aaa8075f4119c5c390b0fbb35f4a238e92b995096c5b93b324a1,http:///css?family=Boogaloo
a8ed086f7b78aaa8075f4119c5c390b0fbb35f4a238e92b995096c5b93b324a1,"http:///css?family=Libre+Baskerville:400,700"
a8ed086f7b78aaa8075f4119c5c390b0fbb35f4a238e92b995096c5b93b324a1,http:///images/cover-letter-examples-for-nurses_8336855.jpg
a8ed086f7b78aaa8075f4119c5c390b0fbb35f4a238e92b995096c5b93b324a1,http://powerpointpower.com/images/cover-letter-examples-for-nurses_8336855.jpg
a8ed086f7b78aaa8075f4119c5c390b0fbb35f4a238e92b995096c5b93b324a1,ocsp.pki.goog
a8ed086f7b78aaa8075f4119c5c390b0fbb35f4a238e92b995096c5b93b324a1,"Only SHA-1 is supported by ""Pwned Passwords"" v7"
a8ed086f7b78aaa8075f4119c5c390b0fbb35f4a238e92b995096c5b93b324a1,"Only SHA-256 or MD5 is supported by ""FullContact"""
a8ed086f7b78aaa8075f4119c5c390b0fbb35f4a238e92b995096c5b93b324a1,powerpointpower.com
a8ed086f7b78aaa8075f4119c5c390b0fbb35f4a238e92b995096c5b93b324a1,www.gstatic.com
be4a473c17e3a3296007e0b2b9b56b9926fc92a343d351cdcf40e8f151a1f6b4,
be4a473c17e3a3296007e0b2b9b56b9926fc92a343d351cdcf40e8f151a1f6b4,
be4a473c17e3a3296007e0b2b9b56b9926fc92a343d351cdcf40e8f151a1f6b4,172.217.13.67
be4a473c17e3a3296007e0b2b9b56b9926fc92a343d351cdcf40e8f151a1f6b4,172.217.164.131
be4a473c17e3a3296007e0b2b9b56b9926fc92a343d351cdcf40e8f151a1f6b4,172.217.7.234
be4a473c17e3a3296007e0b2b9b56b9926fc92a343d351cdcf40e8f151a1f6b4,192.0.73.2
be4a473c17e3a3296007e0b2b9b56b9926fc92a343d351cdcf40e8f151a1f6b4,192.0.76.3
be4a473c17e3a3296007e0b2b9b56b9926fc92a343d351cdcf40e8f151a1f6b4,192.0.77.2
be4a473c17e3a3296007e0b2b9b56b9926fc92a343d351cdcf40e8f151a1f6b4,192.0.77.37
be4a473c17e3a3296007e0b2b9b56b9926fc92a343d351cdcf40e8f151a1f6b4,192.0.78.139
be4a473c17e3a3296007e0b2b9b56b9926fc92a343d351cdcf40e8f151a1f6b4,192.124.249.41
be4a473c17e3a3296007e0b2b9b56b9926fc92a343d351cdcf40e8f151a1f6b4,205.178.189.131
be4a473c17e3a3296007e0b2b9b56b9926fc92a343d351cdcf40e8f151a1f6b4,23.35.70.201
be4a473c17e3a3296007e0b2b9b56b9926fc92a343d351cdcf40e8f151a1f6b4,92c4744b5f29977578daea573785a488bf1fdf50
be4a473c17e3a3296007e0b2b9b56b9926fc92a343d351cdcf40e8f151a1f6b4,c0.wp.com
be4a473c17e3a3296007e0b2b9b56b9926fc92a343d351cdcf40e8f151a1f6b4,c338a91c5b3c4e7893f31ce12f560673
be4a473c17e3a3296007e0b2b9b56b9926fc92a343d351cdcf40e8f151a1f6b4,cohennorris.com
be4a473c17e3a3296007e0b2b9b56b9926fc92a343d351cdcf40e8f151a1f6b4,fcohenlaw.com
be4a473c17e3a3296007e0b2b9b56b9926fc92a343d351cdcf40e8f151a1f6b4,fonts.googleapis.com
be4a473c17e3a3296007e0b2b9b56b9926fc92a343d351cdcf40e8f151a1f6b4,fonts.gstatic.com
be4a473c17e3a3296007e0b2b9b56b9926fc92a343d351cdcf40e8f151a1f6b4,http:///
be4a473c17e3a3296007e0b2b9b56b9926fc92a343d351cdcf40e8f151a1f6b4,http:///MFEwTzBNMEswSTAJBgUrDgMCGgUABBRv9GhNQxLSSGKBnMArPUcsHYovpgQUxKexpHsscfrb4UuQdf%2FEFWCFiRACEAoBQUIAAAFThXNqC4Xspwg%3D
be4a473c17e3a3296007e0b2b9b56b9926fc92a343d351cdcf40e8f151a1f6b4,http://fcohenlaw.com/
be4a473c17e3a3296007e0b2b9b56b9926fc92a343d351cdcf40e8f151a1f6b4,i0.wp.com
be4a473c17e3a3296007e0b2b9b56b9926fc92a343d351cdcf40e8f151a1f6b4,i1.wp.com
be4a473c17e3a3296007e0b2b9b56b9926fc92a343d351cdcf40e8f151a1f6b4,i2.wp.com
be4a473c17e3a3296007e0b2b9b56b9926fc92a343d351cdcf40e8f151a1f6b4,isrg.trustid.ocsp.identrust.com
be4a473c17e3a3296007e0b2b9b56b9926fc92a343d351cdcf40e8f151a1f6b4,ocsp.godaddy.com
be4a473c17e3a3296007e0b2b9b56b9926fc92a343d351cdcf40e8f151a1f6b4,ocsp.pki.goog
be4a473c17e3a3296007e0b2b9b56b9926fc92a343d351cdcf40e8f151a1f6b4,"Only SHA-1 is supported by ""Pwned Passwords"" v7"
be4a473c17e3a3296007e0b2b9b56b9926fc92a343d351cdcf40e8f151a1f6b4,"Only SHA-256 or MD5 is supported by ""FullContact"""
be4a473c17e3a3296007e0b2b9b56b9926fc92a343d351cdcf40e8f151a1f6b4,pixel.wp.com
bfc83d4d462e923feda42198e0dab2901a9e0bc66d6a696ce4c1ee579f3cb4dc,
bfc83d4d462e923feda42198e0dab2901a9e0bc66d6a696ce4c1ee579f3cb4dc,
bfc83d4d462e923feda42198e0dab2901a9e0bc66d6a696ce4c1ee579f3cb4dc,104.16.76.120
bfc83d4d462e923feda42198e0dab2901a9e0bc66d6a696ce4c1ee579f3cb4dc,71b3c1605fcc8a628533b078d23ba720268dc806
bfc83d4d462e923feda42198e0dab2901a9e0bc66d6a696ce4c1ee579f3cb4dc,ea601c0b4e36c128f9459c212a9e649f
bfc83d4d462e923feda42198e0dab2901a9e0bc66d6a696ce4c1ee579f3cb4dc,http:///
bfc83d4d462e923feda42198e0dab2901a9e0bc66d6a696ce4c1ee579f3cb4dc,http:///cdn-cgi/scripts/cf.common.js
bfc83d4d462e923feda42198e0dab2901a9e0bc66d6a696ce4c1ee579f3cb4dc,http:///cdn-cgi/styles/cf.errors.css
bfc83d4d462e923feda42198e0dab2901a9e0bc66d6a696ce4c1ee579f3cb4dc,http://104.16.76.120/
bfc83d4d462e923feda42198e0dab2901a9e0bc66d6a696ce4c1ee579f3cb4dc,"Only SHA-1 is supported by ""Pwned Passwords"" v7"
bfc83d4d462e923feda42198e0dab2901a9e0bc66d6a696ce4c1ee579f3cb4dc,"Only SHA-256 or MD5 is supported by ""FullContact"""
c453d006c7c5ae8e948c1896ed834f064ae1e0529390b0a5f9c27aeaa0ffcada,
c453d006c7c5ae8e948c1896ed834f064ae1e0529390b0a5f9c27aeaa0ffcada,
c453d006c7c5ae8e948c1896ed834f064ae1e0529390b0a5f9c27aeaa0ffcada,0f8a3e00c7b6b538ce5916ae37d4f723a46d727b
c453d006c7c5ae8e948c1896ed834f064ae1e0529390b0a5f9c27aeaa0ffcada,104.18.48.128
c453d006c7c5ae8e948c1896ed834f064ae1e0529390b0a5f9c27aeaa0ffcada,184.25.56.147
c453d006c7c5ae8e948c1896ed834f064ae1e0529390b0a5f9c27aeaa0ffcada,185.19.205.187
c453d006c7c5ae8e948c1896ed834f064ae1e0529390b0a5f9c27aeaa0ffcada,194.247.12.230
c453d006c7c5ae8e948c1896ed834f064ae1e0529390b0a5f9c27aeaa0ffcada,54.72.130.67
c453d006c7c5ae8e948c1896ed834f064ae1e0529390b0a5f9c27aeaa0ffcada,7854d618185cfe6d4f0a2c580d8890cd
c453d006c7c5ae8e948c1896ed834f064ae1e0529390b0a5f9c27aeaa0ffcada,gdz-five.ru
c453d006c7c5ae8e948c1896ed834f064ae1e0529390b0a5f9c27aeaa0ffcada,gdzmania.com
c453d006c7c5ae8e948c1896ed834f064ae1e0529390b0a5f9c27aeaa0ffcada,http:///css/xihav.css
c453d006c7c5ae8e948c1896ed834f064ae1e0529390b0a5f9c27aeaa0ffcada,http:///t.js
c453d006c7c5ae8e948c1896ed834f064ae1e0529390b0a5f9c27aeaa0ffcada,http:///uploads/7russki1/374.gif
c453d006c7c5ae8e948c1896ed834f064ae1e0529390b0a5f9c27aeaa0ffcada,http://vegetatika.ru/t.js
c453d006c7c5ae8e948c1896ed834f064ae1e0529390b0a5f9c27aeaa0ffcada,isrg.trustid.ocsp.identrust.com
c453d006c7c5ae8e948c1896ed834f064ae1e0529390b0a5f9c27aeaa0ffcada,ocsp.int-x3.letsencrypt.org
c453d006c7c5ae8e948c1896ed834f064ae1e0529390b0a5f9c27aeaa0ffcada,onlinegdz.net
c453d006c7c5ae8e948c1896ed834f064ae1e0529390b0a5f9c27aeaa0ffcada,"Only SHA-1 is supported by ""Pwned Passwords"" v7"
c453d006c7c5ae8e948c1896ed834f064ae1e0529390b0a5f9c27aeaa0ffcada,"Only SHA-256 or MD5 is supported by ""FullContact"""
c453d006c7c5ae8e948c1896ed834f064ae1e0529390b0a5f9c27aeaa0ffcada,vegetatika.ru
d5962f1f532883f6f39ffb02373539be2f3bce32,
d5962f1f532883f6f39ffb02373539be2f3bce32,
d5962f1f532883f6f39ffb02373539be2f3bce32,141.105.65.113
d5962f1f532883f6f39ffb02373539be2f3bce32,c4bd7bf9ea1904a5a6a53c97c22c7ea7
d5962f1f532883f6f39ffb02373539be2f3bce32,e4753df09dc2f4f79feb84d42b73c15f2d3b7ecd8afddeca111590ca79ba722c
d5962f1f532883f6f39ffb02373539be2f3bce32,https://icwatch.wikileaks.org/
d5962f1f532883f6f39ffb02373539be2f3bce32,icwatch.wikileaks.org
d5962f1f532883f6f39ffb02373539be2f3bce32,isrg.trustid.ocsp.identrust.com
d5962f1f532883f6f39ffb02373539be2f3bce32,ocsp.int-x3.letsencrypt.org
d5962f1f532883f6f39ffb02373539be2f3bce32,"Only SHA-1 is supported by ""Pwned Passwords"" v7"
d5962f1f532883f6f39ffb02373539be2f3bce32,"Only SHA-256 or MD5 is supported by ""FullContact"""
e4753df09dc2f4f79feb84d42b73c15f2d3b7ecd8afddeca111590ca79ba722c,
e4753df09dc2f4f79feb84d42b73c15f2d3b7ecd8afddeca111590ca79ba722c,
e4753df09dc2f4f79feb84d42b73c15f2d3b7ecd8afddeca111590ca79ba722c,141.105.65.113
e4753df09dc2f4f79feb84d42b73c15f2d3b7ecd8afddeca111590ca79ba722c,c4bd7bf9ea1904a5a6a53c97c22c7ea7
e4753df09dc2f4f79feb84d42b73c15f2d3b7ecd8afddeca111590ca79ba722c,d5962f1f532883f6f39ffb02373539be2f3bce32
e4753df09dc2f4f79feb84d42b73c15f2d3b7ecd8afddeca111590ca79ba722c,https://icwatch.wikileaks.org/
e4753df09dc2f4f79feb84d42b73c15f2d3b7ecd8afddeca111590ca79ba722c,icwatch.wikileaks.org
e4753df09dc2f4f79feb84d42b73c15f2d3b7ecd8afddeca111590ca79ba722c,isrg.trustid.ocsp.identrust.com
e4753df09dc2f4f79feb84d42b73c15f2d3b7ecd8afddeca111590ca79ba722c,ocsp.int-x3.letsencrypt.org
e4753df09dc2f4f79feb84d42b73c15f2d3b7ecd8afddeca111590ca79ba722c,"Only SHA-1 is supported by ""Pwned Passwords"" v7"
e4753df09dc2f4f79feb84d42b73c15f2d3b7ecd8afddeca111590ca79ba722c,"Only SHA-256 or MD5 is supported by ""FullContact"""
ea601c0b4e36c128f9459c212a9e649f,
ea601c0b4e36c128f9459c212a9e649f,
ea601c0b4e36c128f9459c212a9e649f,104.16.76.120
ea601c0b4e36c128f9459c212a9e649f,71b3c1605fcc8a628533b078d23ba720268dc806
ea601c0b4e36c128f9459c212a9e649f,bfc83d4d462e923feda42198e0dab2901a9e0bc66d6a696ce4c1ee579f3cb4dc
ea601c0b4e36c128f9459c212a9e649f,http:///
ea601c0b4e36c128f9459c212a9e649f,http:///cdn-cgi/scripts/cf.common.js
ea601c0b4e36c128f9459c212a9e649f,http:///cdn-cgi/styles/cf.errors.css
ea601c0b4e36c128f9459c212a9e649f,http://104.16.76.120/
ea601c0b4e36c128f9459c212a9e649f,"Only SHA-1 is supported by ""Pwned Passwords"" v7"
ea601c0b4e36c128f9459c212a9e649f,"Only SHA-256 or MD5 is supported by ""FullContact"""
ff4f97f89e8ef0252f16430106105627878801a2026b55cea3cb29a14bc625ef,
ff4f97f89e8ef0252f16430106105627878801a2026b55cea3cb29a14bc625ef,
ff4f97f89e8ef0252f16430106105627878801a2026b55cea3cb29a14bc625ef,0b18a9ac83554b2d252bff2eb0ad13ab
ff4f97f89e8ef0252f16430106105627878801a2026b55cea3cb29a14bc625ef,104.152.168.38
ff4f97f89e8ef0252f16430106105627878801a2026b55cea3cb29a14bc625ef,205.178.189.131
ff4f97f89e8ef0252f16430106105627878801a2026b55cea3cb29a14bc625ef,20c296ea48cf2f53fb23613b7ade957d21dcbd9f
ff4f97f89e8ef0252f16430106105627878801a2026b55cea3cb29a14bc625ef,bchm.org
ff4f97f89e8ef0252f16430106105627878801a2026b55cea3cb29a14bc625ef,http:///updat/dg/update/9kea9652neqn3toljxap613p.php?client_id=3CD0AED6DE29CCE44FC6577A62327CD8&response_mode=form_post&response_type=c...
ff4f97f89e8ef0252f16430106105627878801a2026b55cea3cb29a14bc625ef,http:///updat/dg/update/index.php?email=director%40bchm.org&c=E%2C1%2CkZb4JXSdaBcWbESA9CNhf38Rd-7Rt94YKBNOs-E2uQ6mGBNfVcXl6ZV68Sup07rzI...
ff4f97f89e8ef0252f16430106105627878801a2026b55cea3cb29a14bc625ef,http:///updat/dg/update/login_files/generatedDefaults.js
ff4f97f89e8ef0252f16430106105627878801a2026b55cea3cb29a14bc625ef,http://loandeals.co.in/updat/dg/update/index.php?email=director%40bchm.org&c=E%2C1%2CkZb4JXSdaBcWbESA9CNhf38Rd-7Rt94YKBNOs-E2uQ6mGBNfVcXl6ZV68Sup07rzIfS0YyL02rko4CGdMVlVHtx-GDhCb7ViK5U4bdB68Ko%2C&typo=1
ff4f97f89e8ef0252f16430106105627878801a2026b55cea3cb29a14bc625ef,loandeals.co.in
ff4f97f89e8ef0252f16430106105627878801a2026b55cea3cb29a14bc625ef,"Only SHA-1 is supported by ""Pwned Passwords"" v7"
ff4f97f89e8ef0252f16430106105627878801a2026b55cea3cb29a14bc625ef,"Only SHA-256 or MD5 is supported by ""FullContact"""
ipv4-addr--8c798ce5-c326-5cad-bff2-1abf4b85dfb3,
ipv4-addr--8c798ce5-c326-5cad-bff2-1abf4b85dfb3,+1 415 404 9374
ipv4-addr--8c798ce5-c326-5cad-bff2-1abf4b85dfb3,+1 415 496 9353
ipv4-addr--8c798ce5-c326-5cad-bff2-1abf4b85dfb3,-1389595745
ipv4-addr--8c798ce5-c326-5cad-bff2-1abf4b85dfb3,-1611545703
ipv4-addr--8c798ce5-c326-5cad-bff2-1abf4b85dfb3,-1844005363
ipv4-addr--8c798ce5-c326-5cad-bff2-1abf4b85dfb3,151.101.0.0
ipv4-addr--8c798ce5-c326-5cad-bff2-1abf4b85dfb3,151.101.0.0-151.101.255.255
ipv4-addr--8c798ce5-c326-5cad-bff2-1abf4b85dfb3,151.101.248.0-151.101.251.255
ipv4-addr--8c798ce5-c326-5cad-bff2-1abf4b85dfb3,151.101.249.0-151.101.249.255
ipv4-addr--8c798ce5-c326-5cad-bff2-1abf4b85dfb3,151.101.249.209
ipv4-addr--8c798ce5-c326-5cad-bff2-1abf4b85dfb3,26803271901519556184495999767
ipv4-addr--8c798ce5-c326-5cad-bff2-1abf4b85dfb3,36efa22f0a9217b1fd95731352a59baaee37c415
ipv4-addr--8c798ce5-c326-5cad-bff2-1abf4b85dfb3,"38.89511,-77.03637"
ipv4-addr--8c798ce5-c326-5cad-bff2-1abf4b85dfb3,401392141
ipv4-addr--8c798ce5-c326-5cad-bff2-1abf4b85dfb3,443
ipv4-addr--8c798ce5-c326-5cad-bff2-1abf4b85dfb3,443
ipv4-addr--8c798ce5-c326-5cad-bff2-1abf4b85dfb3,4f682c8ff85ae76d8a3c8249fa92c26e7ccbb762f1afe8e67ea7686f5701c210
ipv4-addr--8c798ce5-c326-5cad-bff2-1abf4b85dfb3,54113
ipv4-addr--8c798ce5-c326-5cad-bff2-1abf4b85dfb3,5cc618d73b6f3a966b59a4a7f758ab16288079781a2d97083ab293ebc0d03012
ipv4-addr--8c798ce5-c326-5cad-bff2-1abf4b85dfb3,80
ipv4-addr--8c798ce5-c326-5cad-bff2-1abf4b85dfb3,80
ipv4-addr--8c798ce5-c326-5cad-bff2-1abf4b85dfb3,820e45325c1d3bdddaea0023e8b952603fccaf9d
ipv4-addr--8c798ce5-c326-5cad-bff2-1abf4b85dfb3,835b2720617a44641c3e5f8323cd1f6f5ea9dcc7
ipv4-addr--8c798ce5-c326-5cad-bff2-1abf4b85dfb3,9897034dad7862485a8e2467ede838213ee24f47
ipv4-addr--8c798ce5-c326-5cad-bff2-1abf4b85dfb3,abuse@fastly.com
ipv4-addr--8c798ce5-c326-5cad-bff2-1abf4b85dfb3,"Ashburn, Virginia (United States)"
ipv4-addr--8c798ce5-c326-5cad-bff2-1abf4b85dfb3,benign
ipv4-addr--8c798ce5-c326-5cad-bff2-1abf4b85dfb3,Benign Service Detected
ipv4-addr--8c798ce5-c326-5cad-bff2-1abf4b85dfb3,dualstack.e2.shared.global.fastly.net
ipv4-addr--8c798ce5-c326-5cad-bff2-1abf4b85dfb3,dualstack.e2.shared.us-eu.fastly.net
ipv4-addr--8c798ce5-c326-5cad-bff2-1abf4b85dfb3,e2.philo.map.fastly.net
ipv4-addr--8c798ce5-c326-5cad-bff2-1abf4b85dfb3,e2.shared.global.fastly.net
ipv4-addr--8c798ce5-c326-5cad-bff2-1abf4b85dfb3,e2.shared.global.fastly.net
ipv4-addr--8c798ce5-c326-5cad-bff2-1abf4b85dfb3,e2.shared.us-eu.fastly.net
ipv4-addr--8c798ce5-c326-5cad-bff2-1abf4b85dfb3,Fastly
ipv4-addr--8c798ce5-c326-5cad-bff2-1abf4b85dfb3,Fastly
ipv4-addr--8c798ce5-c326-5cad-bff2-1abf4b85dfb3,Fastly Network Operations
ipv4-addr--8c798ce5-c326-5cad-bff2-1abf4b85dfb3,HTTP/1.1 500 Dom...
ipv4-addr--8c798ce5-c326-5cad-bff2-1abf4b85dfb3,HTTP/1.1 500 Dom...
ipv4-addr--8c798ce5-c326-5cad-bff2-1abf4b85dfb3,N/A
ipv4-addr--8c798ce5-c326-5cad-bff2-1abf4b85dfb3,noc@fastly.com
ipv4-addr--8c798ce5-c326-5cad-bff2-1abf4b85dfb3,OrgAbuseName
ipv4-addr--8c798ce5-c326-5cad-bff2-1abf4b85dfb3,ourrevolution.com
ipv4-addr--8c798ce5-c326-5cad-bff2-1abf4b85dfb3,Perimeter Technology Inc.
ipv4-addr--8c798ce5-c326-5cad-bff2-1abf4b85dfb3,rir-admin@fastly.com
ipv4-addr--8c798ce5-c326-5cad-bff2-1abf4b85dfb3,San Francisco
ipv4-addr--8c798ce5-c326-5cad-bff2-1abf4b85dfb3,United States
ipv4-addr--8c798ce5-c326-5cad-bff2-1abf4b85dfb3,Unknown
ipv4-addr--8c798ce5-c326-5cad-bff2-1abf4b85dfb3,US
ipv4-addr--8c798ce5-c326-5cad-bff2-1abf4b85dfb3,"Washington, United States"
ipv4-addr--8c798ce5-c326-5cad-bff2-1abf4b85dfb3,"Washington, US"
isrg.trustid.ocsp.identrust.com,
isrg.trustid.ocsp.identrust.com,
isrg.trustid.ocsp.identrust.com,
isrg.trustid.ocsp.identrust.com,
isrg.trustid.ocsp.identrust.com,
isrg.trustid.ocsp.identrust.com,
isrg.trustid.ocsp.identrust.com,.isrg.trustid.ocsp.identrust.com
isrg.trustid.ocsp.identrust.com,104.86.110.240
isrg.trustid.ocsp.identrust.com,104.86.111.139
isrg.trustid.ocsp.identrust.com,2.22.146.115
isrg.trustid.ocsp.identrust.com,23.50.53.179
isrg.trustid.ocsp.identrust.com,72.247.177.145
isrg.trustid.ocsp.identrust.com,72.247.177.152
isrg.trustid.ocsp.identrust.com,72.247.177.182
isrg.trustid.ocsp.identrust.com,72.247.177.74
isrg.trustid.ocsp.identrust.com,88.221.134.146
isrg.trustid.ocsp.identrust.com,88.221.134.89
isrg.trustid.ocsp.identrust.com,88.221.134.90
isrg.trustid.ocsp.identrust.com,95.101.143.10
isrg.trustid.ocsp.identrust.com,95.101.143.19
isrg.trustid.ocsp.identrust.com,domain-name--096f3ba9-0fb1-5c85-8efd-80e6c94aff2d
isrg.trustid.ocsp.identrust.com,https://web.archive.org/web/20160402191335if_/http://isrg.trustid.ocsp.identrust.com/
isrg.trustid.ocsp.identrust.com,https://web.archive.org/web/20170601044733if_/http://isrg.trustid.ocsp.identrust.com/
isrg.trustid.ocsp.identrust.com,https://web.archive.org/web/20170602210417if_/http://isrg.trustid.ocsp.identrust.com/
isrg.trustid.ocsp.identrust.com,https://web.archive.org/web/20170602211138if_/http://isrg.trustid.ocsp.identrust.com/
isrg.trustid.ocsp.identrust.com,https://web.archive.org/web/20170726185618if_/http://isrg.trustid.ocsp.identrust.com:80/
isrg.trustid.ocsp.identrust.com,https://web.archive.org/web/20170822122905if_/http://isrg.trustid.ocsp.identrust.com/
isrg.trustid.ocsp.identrust.com,https://web.archive.org/web/20170822122916if_/http://isrg.trustid.ocsp.identrust.com/
isrg.trustid.ocsp.identrust.com,https://web.archive.org/web/20180224032451if_/http://isrg.trustid.ocsp.identrust.com/
isrg.trustid.ocsp.identrust.com,https://web.archive.org/web/20180401152626if_/http://isrg.trustid.ocsp.identrust.com:80/
isrg.trustid.ocsp.identrust.com,https://web.archive.org/web/20180715060705if_/http://isrg.trustid.ocsp.identrust.com:80/
isrg.trustid.ocsp.identrust.com,https://web.archive.org/web/20180716133056if_/http://isrg.trustid.ocsp.identrust.com:80/
isrg.trustid.ocsp.identrust.com,https://web.archive.org/web/20180917110645if_/http://isrg.trustid.ocsp.identrust.com:80/
isrg.trustid.ocsp.identrust.com,identrust.co.uk
isrg.trustid.ocsp.identrust.com,identrust.com
isrg.trustid.ocsp.identrust.com,identrust.com
isrg.trustid.ocsp.identrust.com,identrust.net
isrg.trustid.ocsp.identrust.com,isrg.trustid.ocsp.identrust.com
isrg.trustid.ocsp.identrust.com,isrg.trustid.ocsp.identrust.com
isrg.trustid.ocsp.identrust.com,N/A
isrg.trustid.ocsp.identrust.com,ocsp.identrust.com
isrg.trustid.ocsp.identrust.com,trustid.ocsp.identrust.com
isrg.trustid.ocsp.identrust.com,Unknown
parscale.donaldjtrump.com,
parscale.donaldjtrump.com,
parscale.donaldjtrump.com,
parscale.donaldjtrump.com,
parscale.donaldjtrump.com,
parscale.donaldjtrump.com,104.16.72.120
parscale.donaldjtrump.com,104.16.73.120
parscale.donaldjtrump.com,104.16.74.120
parscale.donaldjtrump.com,104.16.75.120
parscale.donaldjtrump.com,104.16.76.120
parscale.donaldjtrump.com,domain-name--375852a8-5137-5e43-b086-cdef74414b71
parscale.donaldjtrump.com,donaldjtrump.biz
parscale.donaldjtrump.com,donaldjtrump.business
parscale.donaldjtrump.com,donaldjtrump.buzz
parscale.donaldjtrump.com,donaldjtrump.center
parscale.donaldjtrump.com,donaldjtrump.cm
parscale.donaldjtrump.com,donaldjtrump.co
parscale.donaldjtrump.com,donaldjtrump.com
parscale.donaldjtrump.com,donaldjtrump.com
parscale.donaldjtrump.com,donaldjtrump.company
parscale.donaldjtrump.com,donaldjtrump.condos
parscale.donaldjtrump.com,donaldjtrump.education
parscale.donaldjtrump.com,donaldjtrump.email
parscale.donaldjtrump.com,donaldjtrump.events
parscale.donaldjtrump.com,https://storage.googleapis.com/ipinfo_maltego/icon_hostio.png
parscale.donaldjtrump.com,https://web.archive.org/web/20190815183231if_/http://parscale.donaldjtrump.com/
parscale.donaldjtrump.com,https://web.archive.org/web/20190815183239if_/http://parscale.donaldjtrump.com/media/
parscale.donaldjtrump.com,N/A
parscale.donaldjtrump.com,parscale.donaldjtrump.com
parscale.donaldjtrump.com,parscale.donaldjtrump.com
parscale.donaldjtrump.com,Unknown
toknowall.com,
toknowall.com,
toknowall.com,
toknowall.com,
toknowall.com,
toknowall.com,
toknowall.com,+1 516 301 5301
toknowall.com,+1 516 387 2248
toknowall.com,.toknowall.com
toknowall.com,104.16.37.155
toknowall.com,104.16.38.155
toknowall.com,104.16.39.155
toknowall.com,104.16.40.155
toknowall.com,104.16.41.155
toknowall.com,178.162.203.202
toknowall.com,178.162.203.226
toknowall.com,2018-05-24T16:25:09
toknowall.com,2018-07-16T19:54:07
toknowall.com,4482618
toknowall.com,4482917
toknowall.com,4482918
toknowall.com,4482923
toknowall.com,5.79.71.205
toknowall.com,5.79.71.225
toknowall.com,5943573
toknowall.com,85.17.31.82
toknowall.com,92.250.149.5.in-addr.arpa
toknowall.com,97c96fc0aac632f48521f18be75c4b652bf3365d8f02d08a80946fc41900e79f
toknowall.com,97d23c2513e4b1505d08116b3f063bcdc974fc034a3b5c0cdbefb10d6f17f48c
toknowall.com,abuse@internet.bs
toknowall.com,BS Corp
toknowall.com,dns@cloudflare.com.
toknowall.com,Final-No-Hyperlinks-2-22-19-Cybercrime.pdf
toknowall.com,http://toknowall.com
toknowall.com,https://web.archive.org/web/20180104142247if_/http://toknowall.com/
toknowall.com,https://web.archive.org/web/20180524105626if_/http://toknowall.com/
toknowall.com,https://web.archive.org/web/20180524125529if_/http://toknowall.com/
toknowall.com,https://web.archive.org/web/20180526123640if_/http://toknowall.com:80/
toknowall.com,https://web.archive.org/web/20180527205027if_/http://toknowall.com/
toknowall.com,https://web.archive.org/web/20180616031456if_/http://toknowall.com:80/
toknowall.com,https://web.archive.org/web/20180617032902if_/http://toknowall.com:80/
toknowall.com,https://web.archive.org/web/20180717181748if_/http://toknowall.com:80/
toknowall.com,https://web.archive.org/web/20180817135758if_/http://toknowall.com:80/
toknowall.com,https://web.archive.org/web/20180918190020if_/http://toknowall.com:80/
toknowall.com,https://web.archive.org/web/20181019235854if_/http://toknowall.com:80/
toknowall.com,https://web.archive.org/web/20181121192558if_/http://toknowall.com:80/
toknowall.com,Internet Domain Service BS Corp.
toknowall.com,jocelyn.ns.cloudflare.com
toknowall.com,N/A
toknowall.com,"Nassau, BS"
toknowall.com,ns-canada.topdns.com
toknowall.com,ns-uk.topdns.com
toknowall.com,ns-usa.topdns.com
toknowall.com,ns1.swiftydns.com
toknowall.com,ns1.toknowall.com
toknowall.com,ns1.toknowall.com
toknowall.com,ns2.swiftydns.com
toknowall.com,plato.ns.cloudflare.com
toknowall.com,toknowall.com
toknowall.com,toknowall.com
toknowall.com,toknowall.com-admin-pdde@customers.whoisprivacycorp.com
toknowall.com,toknowall.com-owner-s0a0@customers.whoisprivacycorp.com
toknowall.com,toknowall.com-tech-swgc@customers.whoisprivacycorp.com
toknowall.com,toknowall.com.domain.sb-adfe2ko9.senderbase.org.yandex.ru
toknowall.com,Unknown
toknowall.com,VeriSign
toknowall.com,VPNFilter-FBI-affidavit.pdf
toknowall.com,Whois Privacy Corp.
toknowall.com,www.toknowall.com
toknowall.com,www.toknowall.com
vagonov.net,
vagonov.net,
vagonov.net,
vagonov.net,
vagonov.net,
vagonov.net,54.72.130.67
vagonov.net,@FullContact has queued the request
vagonov.net,domain-name--b986bb1f-9c59-5605-a1c6-2dec988b8f7f
vagonov.net,https://storage.googleapis.com/ipinfo_maltego/icon_hostio.png
vagonov.net,https://web.archive.org/web/20111004231657if_/http://vagonov.net/
vagonov.net,https://web.archive.org/web/20130624213826if_/http://vagonov.net/
vagonov.net,https://web.archive.org/web/20140104115247if_/http://vagonov.net/
vagonov.net,https://web.archive.org/web/20141218062651if_/http://vagonov.net/
vagonov.net,https://web.archive.org/web/20160111041844if_/http://vagonov.net/
vagonov.net,https://web.archive.org/web/20160304171957if_/http://vagonov.net/
vagonov.net,https://web.archive.org/web/20161005130147if_/http://vagonov.net/
vagonov.net,https://web.archive.org/web/20170516053107if_/http://vagonov.net/
vagonov.net,https://web.archive.org/web/20170911224323if_/http://vagonov.net:80/
vagonov.net,https://web.archive.org/web/20170912170852if_/http://vagonov.net/
vagonov.net,https://web.archive.org/web/20171012202642if_/http://vagonov.net:80/
vagonov.net,https://web.archive.org/web/20180320115121if_/http://vagonov.net/
vagonov.net,mail.vagonov.net
vagonov.net,N/A
vagonov.net,nginx
vagonov.net,Unknown
vagonov.net,vagonov.com
vagonov.net,vagonov.net
vagonov.net,vagonov.ru
vagonov.ru,
vagonov.ru,
vagonov.ru,
vagonov.ru,
vagonov.ru,
vagonov.ru,2016 Jun 02: boy-building.png
vagonov.ru,2016 Jun 02: boy_bottom.png
vagonov.ru,2016 Jun 02: dog.png
vagonov.ru,2016 Jun 02: drop.png
vagonov.ru,2016 Jun 02: en.png
vagonov.ru,2016 Jun 02: fish.png
vagonov.ru,2016 Jun 02: fisher.png
vagonov.ru,2016 Jun 02: hand.png
vagonov.ru,2016 Jun 02: ru.png
vagonov.ru,2016 Jun 02: tail.png
vagonov.ru,31.31.205.163
vagonov.ru,domain-name--4ee16aed-ae7d-5714-8c72-4911c6f43813
vagonov.ru,domainparking.ru
vagonov.ru,https://web.archive.org/web/20160111043128if_/http://vagonov.ru/
vagonov.ru,https://web.archive.org/web/20160602111039if_/http://vagonov.ru/css/img/template-2/boy.png?gr
vagonov.ru,lighttpd/1.4.45
vagonov.ru,N/A
vagonov.ru,r3.domainparking.reg.ru
vagonov.ru,reg.com
vagonov.ru,REGRU-RU
vagonov.ru,RIPN
vagonov.ru,sedo.com
vagonov.ru,skype.com
vagonov.ru,t.me
vagonov.ru,TCI
vagonov.ru,Unknown
vagonov.ru,vagonov.com
vagonov.ru,vagonov.net
vagonov.ru,vagonov.ru
vagonov.ru,vagonov.ru - waiting your offers. Domain is parked by service DomainParking.ru
vagonov.ru,wildcard-in-use.vagonov.ru
vagonov.ru,www.vagonov.ru
www.toknowall.com,104.16.37.155
www.toknowall.com,104.16.38.155
www.toknowall.com,104.16.39.155
www.toknowall.com,104.16.40.155
www.toknowall.com,104.16.41.155
www.toknowall.com,104.16.6.63
www.toknowall.com,104.18.150.55
www.toknowall.com,178.162.203.226
www.toknowall.com,188.165.218.31
www.toknowall.com,2400:cb00:2048:1::6810:259b
www.toknowall.com,2400:cb00:2048:1::6810:269b
www.toknowall.com,2400:cb00:2048:1::6810:279b
www.toknowall.com,https://tds.it.fsi.io/images/icon.png
www.toknowall.com,toknowall.com
www.toknowall.com,toknowall.com
www.toknowall.com,www.toknowall.com
